{"stats":{"minecraft:crafted":{"minecraft:air":80,"minecraft:acacia_boat":1},"minecraft:killed":{"minecraft:pillager":1,"minecraft:zombie":1,"minecraft:vindicator":5},"minecraft:killed_by":{"minecraft:ravager":1,"minecraft:stray":1,"dannys_expansion:floam":1},"minecraft:used":{"minecraft:wheat_seeds":1,"minecraft:acacia_boat":1,"minecraft:bread":3,"minecraft:white_bed":1},"minecraft:picked_up":{"apotheosis:gem":1,"minecraft:wheat":10,"minecraft:white_bed":1,"minecraft:paper":1,"minecraft:rotten_flesh":1,"minecraft:wheat_seeds":18,"minecraft:emerald":1,"minecraft:cobblestone":3},"minecraft:custom":{"minecraft:time_since_rest":1476,"minecraft:waystone_activated":1,"champions:champion_mobs_killed":7,"minecraft:sprint_one_cm":58504,"minecraft:damage_absorbed":33,"minecraft:damage_taken":818,"minecraft:walk_one_cm":158329,"minecraft:mob_kills":8,"minecraft:drop":5,"minecraft:damage_dealt":6,"minecraft:swim_one_cm":3267,"minecraft:interact_with_crafting_table":1,"minecraft:fly_one_cm":75215,"minecraft:open_chest":1,"minecraft:crouch_one_cm":12071,"minecraft:play_time":26902,"minecraft:deaths":3,"minecraft:sneak_time":1168,"minecraft:walk_under_water_one_cm":721,"minecraft:boat_one_cm":228,"minecraft:jump":333,"minecraft:leave_game":1,"minecraft:time_since_death":1448,"minecraft:walk_on_water_one_cm":294,"minecraft:sleep_in_bed":2,"minecraft:climb_one_cm":3975,"minecraft:total_world_time":26902,"minecraft:fall_one_cm":11245},"minecraft:mined":{"minecraft:white_bed":2},"minecraft:dropped":{"minecraft:azalea":3,"minecraft:cobblestone":3,"minecraft:rotten_flesh":1,"minecraft:flowering_azalea":1,"minecraft:wooden_pickaxe":1}},"DataVersion":2975}