{"stats":{"minecraft:crafted":{"minecraft:air":80,"minecraft:acacia_boat":2},"minecraft:killed":{"minecraft:pillager":8,"minecraft:zombie":1,"minecraft:vindicator":7},"minecraft:killed_by":{"minecraft:vindicator":3,"minecraft:ravager":1,"minecraft:stray":1,"dannys_expansion:floam":2},"minecraft:used":{"minecraft:wooden_axe":6,"minecraft:wheat_seeds":1,"minecraft:acacia_boat":5,"minecraft:bread":10,"minecraft:white_bed":1,"minecraft:acacia_planks":21,"minecraft:experience_bottle":1},"minecraft:picked_up":{"apotheosis:gem":2,"minecraft:wheat":10,"minecraft:enchanted_book":1,"minecraft:white_bed":1,"minecraft:carrot":16,"minecraft:acacia_boat":3,"minecraft:paper":1,"minecraft:red_carpet":1,"minecraft:acacia_planks":6,"minecraft:arrow":10,"minecraft:rotten_flesh":1,"minecraft:wheat_seeds":19,"minecraft:emerald":1,"minecraft:cobblestone":3},"minecraft:custom":{"lootr:looted_stat":12,"minecraft:time_since_rest":45563,"minecraft:waystone_activated":1,"champions:champion_mobs_killed":16,"minecraft:sprint_one_cm":127499,"minecraft:damage_absorbed":33,"minecraft:damage_taken":1916,"minecraft:walk_one_cm":317362,"minecraft:mob_kills":17,"minecraft:drop":5,"minecraft:damage_dealt":16,"minecraft:swim_one_cm":6287,"minecraft:interact_with_crafting_table":4,"minecraft:fly_one_cm":170558,"minecraft:open_chest":2,"minecraft:crouch_one_cm":24118,"minecraft:play_time":80902,"minecraft:deaths":7,"minecraft:sneak_time":3295,"minecraft:walk_under_water_one_cm":7099,"minecraft:boat_one_cm":1597,"minecraft:jump":823,"minecraft:leave_game":1,"minecraft:time_since_death":45532,"minecraft:walk_on_water_one_cm":12756,"minecraft:sleep_in_bed":2,"minecraft:climb_one_cm":9006,"minecraft:total_world_time":80902,"minecraft:fall_one_cm":20580},"minecraft:mined":{"minecraft:white_bed":2,"farmersdelight:wild_carrots":16,"minecraft:grass":1,"minecraft:tall_grass":3,"minecraft:acacia_planks":6,"minecraft:oak_leaves":3,"minecraft:red_carpet":1},"minecraft:dropped":{"minecraft:azalea":3,"minecraft:cobblestone":3,"minecraft:rotten_flesh":1,"minecraft:flowering_azalea":1,"minecraft:wooden_pickaxe":1}},"DataVersion":2975}