{"stats":{"minecraft:crafted":{"minecraft:air":80,"minecraft:acacia_boat":2},"minecraft:killed":{"minecraft:pillager":7,"minecraft:zombie":1,"minecraft:vindicator":6},"minecraft:killed_by":{"minecraft:vindicator":3,"minecraft:ravager":1,"minecraft:stray":1,"dannys_expansion:floam":2},"minecraft:used":{"minecraft:wheat_seeds":1,"minecraft:acacia_boat":2,"minecraft:bread":4,"minecraft:white_bed":1,"minecraft:acacia_planks":9},"minecraft:picked_up":{"apotheosis:gem":2,"minecraft:wheat":10,"minecraft:enchanted_book":1,"minecraft:white_bed":1,"minecraft:carrot":16,"minecraft:paper":1,"minecraft:arrow":9,"minecraft:rotten_flesh":1,"minecraft:wheat_seeds":18,"minecraft:emerald":1,"minecraft:cobblestone":3},"minecraft:custom":{"lootr:looted_stat":4,"minecraft:time_since_rest":3563,"minecraft:waystone_activated":1,"champions:champion_mobs_killed":14,"minecraft:sprint_one_cm":86363,"minecraft:damage_absorbed":33,"minecraft:damage_taken":1542,"minecraft:walk_one_cm":236577,"minecraft:mob_kills":15,"minecraft:drop":5,"minecraft:damage_dealt":16,"minecraft:swim_one_cm":3267,"minecraft:interact_with_crafting_table":4,"minecraft:fly_one_cm":111392,"minecraft:open_chest":2,"minecraft:crouch_one_cm":18580,"minecraft:play_time":38902,"minecraft:deaths":7,"minecraft:sneak_time":2614,"minecraft:walk_under_water_one_cm":6341,"minecraft:boat_one_cm":462,"minecraft:jump":479,"minecraft:leave_game":1,"minecraft:time_since_death":3532,"minecraft:walk_on_water_one_cm":7609,"minecraft:sleep_in_bed":2,"minecraft:climb_one_cm":6009,"minecraft:total_world_time":38902,"minecraft:fall_one_cm":15376},"minecraft:mined":{"minecraft:white_bed":2,"farmersdelight:wild_carrots":16,"minecraft:grass":1,"minecraft:tall_grass":3},"minecraft:dropped":{"minecraft:azalea":3,"minecraft:cobblestone":3,"minecraft:rotten_flesh":1,"minecraft:flowering_azalea":1,"minecraft:wooden_pickaxe":1}},"DataVersion":2975}