{"stats":{"minecraft:crafted":{"minecraft:air":80},"minecraft:picked_up":{"minecraft:paper":1},"minecraft:custom":{"minecraft:jump":173,"minecraft:time_since_rest":14902,"minecraft:waystone_activated":1,"minecraft:crouch_one_cm":9525,"minecraft:sprint_one_cm":32552,"minecraft:leave_game":1,"minecraft:play_time":14902,"minecraft:damage_taken":99,"minecraft:time_since_death":14902,"minecraft:walk_one_cm":57572,"minecraft:sneak_time":856,"minecraft:climb_one_cm":866,"minecraft:total_world_time":14902,"minecraft:drop":2,"minecraft:fall_one_cm":5628,"minecraft:fly_one_cm":45298},"minecraft:dropped":{"minecraft:flowering_azalea":1,"minecraft:azalea":3}},"DataVersion":2975}