{"stats":{"minecraft:broken":{"minecraft:iron_leggings":1,"minecraft:golden_axe":1,"minecraft:iron_axe":4,"minecraft:stone_axe":1,"minecraft:iron_helmet":1,"minecraft:golden_chestplate":1},"minecraft:crafted":{"minecraft:cooked_mutton":7,"quark:acacia_chest":2,"minecraft:iron_axe":1,"wom:iron_greataxe":1,"minecraft:cooked_beef":3,"blue_skies:blue_journal":1,"minecraft:air":1082,"minecraft:stick":8,"minecraft:iron_ingot":25},"minecraft:killed":{"minecraft:vindicator":14,"minecraft:skeleton":2,"restored_earth:lobber_zombie":1,"untamedwilds:boar":1,"orcz:goblinwerid":1,"majruszsdifficulty:cursed_armor":1,"minecraft:ravager":1,"minecraft:sheep":5,"minecraft:pillager":14,"minecraft:zombie":4,"monsterplus:overgrown_skeleton":1,"minecraft:cow":1},"minecraft:killed_by":{"minecraft:husk":1,"minecraft:vindicator":6,"monsterplus:overgrown_skeleton":1,"minecraft:skeleton":2,"minecraft:guardian":1,"minecraft:zombie":3,"simple_mobs:sentinel_knight":2,"irons_spellbooks:archevoker":1,"majruszsdifficulty:cursed_armor":2},"minecraft:used":{"irons_spellbooks:inscription_table":1,"minecraft:acacia_log":343,"minecraft:spruce_slab":2,"minecraft:ladder":5,"minecraft:spruce_planks":23,"minecraft:torch":36,"minecraft:dirt":22,"minecraft:spyglass":11,"minecraft:spruce_stairs":5,"farmersdelight:fish_stew":1,"minecraft:jungle_planks":5,"minecraft:granite":2,"minecraft:wooden_axe":43,"minecraft:dark_oak_planks":2,"epicfight:iron_greatsword":16,"minecraft:iron_axe":293,"minecraft:rooted_dirt":1,"minecraft:acacia_slab":261,"minecraft:crimson_planks":6,"epicfight:stone_greatsword":120,"minecraft:barrel":2,"minecraft:hay_block":1,"minecraft:egg":1,"minecraft:cooked_beef":9,"minecraft:acacia_planks":314,"minecraft:golden_axe":32,"minecraft:wheat_seeds":82,"minecraft:cooked_mutton":7,"minecraft:birch_planks":5,"minecraft:oak_planks":2,"farmersdelight:golden_knife":29,"minecraft:wooden_pickaxe":25,"minecraft:cookie":1,"minecraft:crafting_table":4,"quark:acacia_chest":3,"minecraft:crossbow":1,"minecraft:white_bed":1,"minecraft:purple_terracotta":2,"quark:violet_corundum":2,"waystones:waystone":3,"minecraft:acacia_stairs":22,"minecraft:acacia_door":4,"minecraft:bread":98,"minecraft:iron_pickaxe":33,"minecraft:jungle_stairs":2,"minecraft:stone_axe":126,"minecraft:cobblestone":2,"minecraft:stripped_crimson_hyphae":2,"minecraft:yellow_bed":1,"minecraft:experience_bottle":2},"minecraft:picked_up":{"minecraft:crafting_table":2,"quark:white_corundum_cluster":1,"minecraft:wheat":67,"minecraft:ladder":13,"minecraft:enchanted_book":3,"libraryferret:netherite_coins_jtl":1,"minecraft:crimson_planks":6,"minecraft:string":62,"minecraft:iron_axe":5,"minecraft:acacia_door":2,"minecraft:spruce_planks":24,"minecraft:beef":3,"minecraft:jungle_sapling":2,"minecraft:azalea":33,"minecraft:spruce_slab":4,"minecraft:coal_block":1,"minecraft:birch_sapling":2,"farmersdelight:golden_knife":1,"irons_spellbooks:inscription_table":1,"bloodandmadness:pure_quicksilver":3,"minecraft:iron_boots":2,"minecraft:egg":2,"minecraft:stick":51,"minecraft:raw_iron":17,"minecraft:stripped_crimson_hyphae":2,"apotheosis:gem":4,"immersive_weathering:acacia_bark":1,"minecraft:torch":30,"minecraft:acacia_log":469,"minecraft:spruce_stairs":5,"sophisticatedbackpacks:backpack":1,"minecraft:carrot":6,"minecraft:golden_chestplate":1,"bloodandmadness:beastblood_clump":1,"minecraft:purple_terracotta":3,"minecraft:dark_oak_planks":2,"hexerei:sage_seed":3,"minecraft:arrow":19,"minecraft:rotten_flesh":12,"minecraft:beetroot_seeds":1,"minecraft:jungle_stairs":2,"quark:violet_corundum_cluster":3,"minecraft:hay_block":25,"minecraft:saddle":1,"bloodandmadness:siderite_nugget":1,"minecraft:glow_berries":1,"minecraft:mutton":7,"minecraft:white_wool":10,"minecraft:skeleton_skull":1,"alexsmobs:flying_fish":1,"minecraft:cobblestone":10,"minecraft:birch_log":4,"orcz:orcteeth":1,"minecraft:tripwire_hook":1,"minecraft:leather":1,"alexsmobs:acacia_blossom":5,"minecraft:potato":3,"immersive_weathering:cracked_stone_brick_stairs":1,"minecraft:yellow_bed":1,"minecraft:dirt":34,"minecraft:white_banner":1,"minecraft:bone":5,"minecraft:acacia_planks":78,"epicfight:iron_greatsword":3,"untamedwilds:material_fat":2,"minecraft:wheat_seeds":251,"minecraft:iron_ingot":5,"minecraft:oak_planks":3,"minecraft:acacia_sapling":19,"hexerei:animal_fat":1,"minecraft:birch_fence_gate":2,"minecraft:jungle_planks":5,"minecraft:acacia_stairs":10,"magistuarmory:rustedchainmail_helmet":1,"waystones:waystone":3,"magistuarmory:corruptedroundshield":1,"minecraft:crossbow":1,"minecraft:granite":6,"minecraft:emerald":24,"minecraft:rooted_dirt":2,"minecraft:acacia_slab":80,"minecraft:coal":5},"minecraft:custom":{"lootr:looted_stat":27,"minecraft:mob_kills":49,"minecraft:interact_with_crafting_table":50,"minecraft:open_barrel":18,"minecraft:damage_dealt_resisted":94,"minecraft:leave_game":3,"minecraft:time_since_death":16720,"minecraft:climb_one_cm":72058,"champions:champion_mobs_killed":39,"minecraft:sprint_one_cm":850689,"minecraft:walk_one_cm":1896322,"minecraft:drop":49,"minecraft:damage_dealt_absorbed":76,"minecraft:talked_to_villager":2,"minecraft:play_time":299702,"minecraft:deaths":20,"minecraft:sneak_time":12659,"minecraft:walk_under_water_one_cm":46631,"minecraft:boat_one_cm":102128,"minecraft:jump":3135,"minecraft:walk_on_water_one_cm":64700,"minecraft:total_world_time":299702,"minecraft:interact_with_furnace":19,"minecraft:traded_with_villager":1,"minecraft:raid_trigger":1,"minecraft:sleep_in_bed":5,"minecraft:waystone_activated":4,"minecraft:time_since_rest":19946,"minecraft:damage_taken":10745,"minecraft:damage_absorbed":47,"minecraft:damage_dealt":10533,"minecraft:swim_one_cm":129571,"minecraft:fly_one_cm":774822,"minecraft:open_chest":78,"minecraft:crouch_one_cm":74204,"minecraft:fall_one_cm":65256,"minecraft:horse_one_cm":2794},"minecraft:mined":{"minecraft:dark_oak_planks":2,"minecraft:spruce_planks":24,"immersive_weathering:acacia_leaf_pile":5,"minecraft:ladder":13,"minecraft:granite":7,"minecraft:stripped_crimson_hyphae":2,"minecraft:purple_terracotta":3,"minecraft:acacia_log":83,"minecraft:grass_block":24,"minecraft:jungle_planks":5,"minecraft:coal_block":1,"minecraft:acacia_slab":41,"minecraft:moss_block":1,"minecraft:rooted_dirt":1,"immersive_weathering:azalea_leaf_pile":2,"minecraft:hay_block":25,"minecraft:carrots":6,"minecraft:iron_ore":17,"immersive_weathering:flowering_azalea_leaf_pile":2,"minecraft:acacia_stairs":10,"treechop:chopped_log":10,"minecraft:potatoes":3,"minecraft:vine":11,"minecraft:flowering_azalea_leaves":2,"minecraft:azalea_leaves":1,"irons_spellbooks:inscription_table":1,"minecraft:stone":10,"minecraft:spruce_slab":4,"minecraft:crafting_table":2,"minecraft:torch":13,"minecraft:jungle_stairs":2,"quark:white_corundum_cluster":1,"minecraft:melon":4,"minecraft:tall_grass":2,"minecraft:oak_planks":3,"minecraft:wall_torch":17,"minecraft:spruce_stairs":8,"minecraft:wheat":72,"minecraft:yellow_bed":1,"minecraft:grass":30,"minecraft:coal_ore":6,"minecraft:beetroots":1,"immersive_weathering:cracked_stone_brick_stairs":2,"minecraft:dirt":29,"minecraft:crimson_planks":6,"minecraft:cobweb":28,"minecraft:tripwire_hook":1,"minecraft:acacia_planks":80,"quark:violet_corundum_cluster":3,"minecraft:oak_leaves":3,"minecraft:fern":11},"minecraft:dropped":{"minecraft:wheat_seeds":63,"minecraft:glow_berries":1,"minecraft:rooted_dirt":1,"minecraft:stick":12,"minecraft:dirt":5,"farmersdelight:golden_knife":1,"alexsmobs:flying_fish":1,"epicfight:iron_greatsword":3,"minecraft:jungle_sapling":2,"epicfight:stone_greatsword":1,"minecraft:iron_axe":2,"minecraft:acacia_door":1,"minecraft:tripwire_hook":1,"minecraft:white_wool":5,"minecraft:bone":4,"hexerei:sage_seed":3,"minecraft:wheat":1,"minecraft:birch_sapling":2,"minecraft:rotten_flesh":7,"minecraft:oak_planks":1,"minecraft:birch_fence_gate":2,"minecraft:leather_chestplate":1,"minecraft:potato":3,"magistuarmory:rustedchainmail_helmet":1,"minecraft:skeleton_skull":1,"minecraft:beetroot_seeds":1,"apotheosis:gem":1,"minecraft:azalea":29,"minecraft:ladder":8,"minecraft:spruce_slab":2,"minecraft:arrow":7,"minecraft:egg":1}},"DataVersion":2975}