{"stats":{"minecraft:broken":{"minecraft:iron_leggings":1,"jet_and_elias_armors:dreadnought_armor_boots":1,"minecraft:golden_axe":1,"minecraft:iron_axe":4,"minecraft:stone_axe":1,"minecraft:iron_helmet":1,"minecraft:wooden_axe":1,"minecraft:golden_chestplate":1},"minecraft:crafted":{"minecraft:cooked_mutton":11,"quark:acacia_chest":2,"minecraft:iron_axe":1,"wom:iron_greataxe":1,"alexsmobs:cooked_catfish":10,"minecraft:cooked_beef":17,"blue_skies:blue_journal":1,"minecraft:air":1088,"minecraft:stick":8,"minecraft:iron_ingot":40},"minecraft:killed":{"minecraft:vex":1,"alexsmobs:raccoon":1,"untamedwilds:wildebeest":2,"minecraft:vindicator":15,"minecraft:skeleton":2,"bloodandmadness:brainsucker":1,"irons_spellbooks:archevoker":1,"restored_earth:lobber_zombie":1,"untamedwilds:boar":1,"orcz:goblinwerid":1,"majruszsdifficulty:cursed_armor":1,"minecraft:ravager":1,"minecraft:sheep":9,"minecraft:pillager":18,"minecraft:zombie":4,"monsterplus:overgrown_skeleton":1,"minecraft:cow":7},"minecraft:killed_by":{"minecraft:husk":1,"minecraft:stray":1,"minecraft:vindicator":6,"monsterplus:overgrown_skeleton":1,"minecraft:skeleton":2,"bloodandmadness:brainsucker":1,"minecraft:guardian":1,"minecraft:zombie":3,"simple_mobs:sentinel_knight":2,"irons_spellbooks:archevoker":3,"majruszsdifficulty:cursed_armor":2},"minecraft:used":{"irons_spellbooks:inscription_table":1,"minecraft:acacia_log":361,"minecraft:spruce_slab":2,"minecraft:ladder":5,"minecraft:spruce_planks":23,"minecraft:torch":37,"minecraft:dirt":23,"minecraft:spyglass":11,"minecraft:spruce_stairs":5,"farmersdelight:fish_stew":1,"minecraft:jungle_planks":5,"minecraft:granite":2,"minecraft:wooden_axe":60,"minecraft:dark_oak_planks":2,"epicfight:iron_greatsword":62,"minecraft:iron_axe":293,"minecraft:rooted_dirt":1,"minecraft:acacia_slab":269,"minecraft:crimson_planks":6,"epicfight:stone_greatsword":120,"minecraft:barrel":2,"minecraft:stone_bricks":1,"minecraft:hay_block":1,"minecraft:egg":1,"minecraft:cooked_beef":12,"minecraft:acacia_planks":353,"minecraft:golden_axe":32,"minecraft:wheat_seeds":82,"minecraft:cooked_mutton":7,"alexsmobs:cooked_catfish":6,"minecraft:birch_planks":5,"minecraft:oak_planks":2,"farmersdelight:golden_knife":29,"minecraft:wooden_pickaxe":25,"minecraft:cookie":1,"minecraft:mossy_cobblestone":3,"minecraft:crafting_table":4,"quark:acacia_chest":3,"minecraft:crossbow":1,"minecraft:white_bed":1,"minecraft:purple_terracotta":2,"quark:violet_corundum":2,"waystones:waystone":5,"minecraft:acacia_stairs":22,"minecraft:acacia_door":4,"minecraft:bread":108,"minecraft:iron_pickaxe":56,"minecraft:jungle_stairs":2,"minecraft:lilac":2,"minecraft:stone_axe":126,"minecraft:cobblestone":5,"minecraft:stripped_crimson_hyphae":2,"minecraft:yellow_bed":1,"minecraft:experience_bottle":2},"minecraft:custom":{"lootr:looted_stat":31,"minecraft:mob_kills":70,"minecraft:interact_with_crafting_table":52,"minecraft:open_barrel":21,"minecraft:damage_dealt_resisted":94,"minecraft:leave_game":3,"minecraft:time_since_death":18607,"minecraft:climb_one_cm":88267,"champions:champion_mobs_killed":46,"minecraft:sprint_one_cm":1106207,"minecraft:walk_one_cm":2223757,"minecraft:drop":69,"minecraft:damage_dealt_absorbed":76,"minecraft:talked_to_villager":2,"minecraft:play_time":359702,"minecraft:deaths":24,"minecraft:sneak_time":13059,"minecraft:walk_under_water_one_cm":47212,"minecraft:boat_one_cm":102128,"minecraft:jump":3846,"minecraft:walk_on_water_one_cm":66690,"minecraft:total_world_time":359702,"minecraft:interact_with_furnace":33,"minecraft:traded_with_villager":1,"minecraft:raid_trigger":1,"minecraft:sleep_in_bed":5,"minecraft:waystone_activated":6,"minecraft:time_since_rest":18635,"minecraft:damage_taken":12412,"minecraft:damage_absorbed":47,"minecraft:damage_dealt":14131,"minecraft:swim_one_cm":138001,"minecraft:fly_one_cm":973087,"minecraft:open_chest":85,"minecraft:crouch_one_cm":76426,"minecraft:fall_one_cm":79028,"minecraft:horse_one_cm":4690},"minecraft:picked_up":{"minecraft:coarse_dirt":3,"minecraft:crafting_table":2,"quark:white_corundum_cluster":1,"minecraft:wheat":67,"minecraft:ladder":13,"minecraft:enchanted_book":3,"libraryferret:netherite_coins_jtl":1,"minecraft:stone_brick_stairs":1,"minecraft:crimson_planks":6,"minecraft:string":62,"minecraft:iron_axe":5,"minecraft:acacia_door":2,"minecraft:cracked_stone_bricks":1,"irons_spellbooks:arcane_essence":2,"minecraft:spruce_planks":24,"minecraft:beef":17,"irons_spellbooks:epic_ink":1,"minecraft:jungle_sapling":2,"minecraft:azalea":39,"minecraft:spruce_slab":4,"minecraft:coal_block":1,"minecraft:birch_sapling":2,"farmersdelight:golden_knife":1,"irons_spellbooks:inscription_table":1,"bloodandmadness:pure_quicksilver":4,"minecraft:iron_boots":2,"minecraft:egg":2,"minecraft:stick":55,"minecraft:raw_iron":17,"minecraft:stripped_crimson_hyphae":2,"apotheosis:gem":5,"immersive_weathering:acacia_bark":1,"minecraft:torch":30,"minecraft:acacia_log":487,"minecraft:spruce_stairs":5,"sophisticatedbackpacks:backpack":1,"minecraft:carrot":6,"minecraft:golden_chestplate":1,"bloodandmadness:beastblood_clump":2,"minecraft:purple_terracotta":3,"minecraft:dark_oak_planks":2,"irons_spellbooks:evocation_rune":1,"hexerei:sage_seed":3,"minecraft:arrow":25,"minecraft:rotten_flesh":12,"minecraft:beetroot_seeds":1,"minecraft:jungle_stairs":2,"quark:violet_corundum_cluster":3,"minecraft:hay_block":25,"minecraft:saddle":1,"bloodandmadness:blood_stone_shard":1,"bloodandmadness:siderite_nugget":1,"minecraft:glow_berries":1,"minecraft:mutton":11,"minecraft:white_wool":14,"minecraft:skeleton_skull":1,"alexsmobs:flying_fish":1,"minecraft:cobblestone":20,"minecraft:birch_log":4,"minecraft:lilac":2,"orcz:orcteeth":1,"minecraft:tripwire_hook":1,"minecraft:leather":7,"alexsmobs:acacia_blossom":6,"minecraft:potato":3,"immersive_weathering:cracked_stone_brick_stairs":1,"minecraft:yellow_bed":1,"minecraft:dirt":35,"minecraft:white_banner":1,"minecraft:bone":7,"minecraft:acacia_planks":88,"minecraft:stone_bricks":1,"epicfight:iron_greatsword":4,"untamedwilds:material_fat":4,"minecraft:wheat_seeds":251,"minecraft:iron_ingot":5,"minecraft:flowering_azalea":1,"minecraft:oak_planks":3,"minecraft:acacia_sapling":23,"hexerei:animal_fat":4,"irons_spellbooks:legendary_ink":1,"minecraft:birch_fence_gate":2,"minecraft:jungle_planks":5,"minecraft:spruce_door":1,"minecraft:acacia_stairs":10,"minecraft:mossy_cobblestone":8,"magistuarmory:rustedchainmail_helmet":1,"waystones:waystone":5,"magistuarmory:corruptedroundshield":1,"minecraft:crossbow":1,"minecraft:granite":6,"minecraft:emerald":28,"minecraft:rooted_dirt":2,"minecraft:acacia_slab":82,"irons_spellbooks:scroll":1,"minecraft:coal":5},"minecraft:mined":{"minecraft:dark_oak_planks":2,"minecraft:spruce_planks":24,"minecraft:mossy_cobblestone":8,"immersive_weathering:acacia_leaf_pile":5,"minecraft:ladder":13,"minecraft:granite":7,"minecraft:stripped_crimson_hyphae":2,"minecraft:purple_terracotta":3,"minecraft:acacia_log":83,"minecraft:grass_block":24,"minecraft:jungle_planks":5,"minecraft:coal_block":1,"minecraft:acacia_slab":43,"minecraft:moss_block":1,"minecraft:rooted_dirt":1,"immersive_weathering:azalea_leaf_pile":2,"minecraft:hay_block":25,"minecraft:carrots":6,"minecraft:iron_ore":17,"immersive_weathering:flowering_azalea_leaf_pile":2,"minecraft:acacia_stairs":10,"treechop:chopped_log":12,"minecraft:potatoes":3,"minecraft:vine":11,"minecraft:flowering_azalea_leaves":8,"minecraft:azalea_leaves":3,"irons_spellbooks:inscription_table":1,"minecraft:stone":13,"minecraft:spruce_slab":6,"minecraft:crafting_table":2,"minecraft:torch":13,"minecraft:jungle_stairs":2,"quark:white_corundum_cluster":1,"minecraft:melon":4,"minecraft:tall_grass":4,"minecraft:cobblestone":4,"minecraft:oak_planks":3,"minecraft:wall_torch":17,"minecraft:spruce_stairs":8,"minecraft:coarse_dirt":2,"minecraft:wheat":72,"minecraft:lilac":2,"minecraft:stone_brick_stairs":1,"minecraft:yellow_bed":1,"minecraft:grass":32,"minecraft:coal_ore":6,"minecraft:beetroots":1,"immersive_weathering:cracked_stone_brick_stairs":2,"minecraft:dirt":30,"minecraft:crimson_planks":6,"minecraft:cobweb":28,"minecraft:cracked_stone_bricks":1,"minecraft:tripwire_hook":1,"minecraft:acacia_planks":90,"minecraft:stone_bricks":1,"quark:violet_corundum_cluster":3,"minecraft:oak_leaves":5,"minecraft:fern":11},"minecraft:dropped":{"minecraft:wheat_seeds":63,"minecraft:mossy_cobblestone":5,"untamedwilds:material_fat":1,"minecraft:cobblestone":7,"minecraft:glow_berries":1,"minecraft:rooted_dirt":1,"minecraft:cracked_stone_bricks":1,"minecraft:spruce_door":1,"minecraft:stick":12,"minecraft:dirt":5,"immersive_weathering:cracked_stone_brick_stairs":1,"farmersdelight:golden_knife":1,"alexsmobs:flying_fish":1,"epicfight:iron_greatsword":4,"irons_spellbooks:arcane_essence":2,"minecraft:jungle_sapling":2,"epicfight:stone_greatsword":1,"minecraft:iron_axe":2,"minecraft:acacia_door":1,"minecraft:tripwire_hook":1,"minecraft:white_wool":5,"minecraft:bone":4,"hexerei:sage_seed":3,"alexsmobs:acacia_blossom":1,"minecraft:coarse_dirt":2,"minecraft:wheat":1,"minecraft:birch_sapling":2,"minecraft:rotten_flesh":7,"minecraft:oak_planks":1,"minecraft:birch_fence_gate":2,"minecraft:leather_chestplate":1,"minecraft:potato":3,"magistuarmory:rustedchainmail_helmet":1,"minecraft:skeleton_skull":1,"minecraft:beetroot_seeds":1,"minecraft:acacia_sapling":4,"apotheosis:gem":1,"minecraft:azalea":32,"minecraft:ladder":8,"minecraft:spruce_slab":2,"minecraft:arrow":11,"minecraft:stone_brick_stairs":1,"minecraft:egg":1}},"DataVersion":2975}