{"stats":{"minecraft:crafted":{"minecraft:cooked_mutton":7,"quark:acacia_chest":2,"minecraft:iron_axe":1,"wom:iron_greataxe":1,"minecraft:air":712,"minecraft:stick":8,"minecraft:iron_ingot":7},"minecraft:broken":{"minecraft:iron_leggings":1,"minecraft:iron_axe":3,"minecraft:golden_chestplate":1},"minecraft:dropped":{"minecraft:wheat_seeds":63,"minecraft:glow_berries":1,"minecraft:rooted_dirt":1,"minecraft:stick":12,"minecraft:dirt":5,"farmersdelight:golden_knife":1,"alexsmobs:flying_fish":1,"minecraft:jungle_sapling":2,"epicfight:stone_greatsword":1,"minecraft:iron_axe":1,"minecraft:acacia_door":1,"minecraft:tripwire_hook":1,"minecraft:white_wool":5,"minecraft:bone":4,"hexerei:sage_seed":3,"minecraft:wheat":1,"minecraft:birch_sapling":2,"minecraft:rotten_flesh":7,"minecraft:oak_planks":1,"minecraft:birch_fence_gate":2,"minecraft:leather_chestplate":1,"minecraft:potato":3,"magistuarmory:rustedchainmail_helmet":1,"minecraft:skeleton_skull":1,"minecraft:beetroot_seeds":1,"apotheosis:gem":1,"minecraft:azalea":29,"minecraft:spruce_slab":2,"minecraft:arrow":7,"minecraft:egg":1},"minecraft:used":{"minecraft:acacia_log":204,"minecraft:spruce_slab":2,"minecraft:ladder":5,"minecraft:spruce_planks":23,"minecraft:torch":23,"minecraft:dirt":8,"minecraft:spyglass":2,"minecraft:jungle_planks":5,"minecraft:spruce_stairs":5,"minecraft:dark_oak_planks":2,"minecraft:iron_axe":262,"minecraft:rooted_dirt":1,"minecraft:acacia_slab":81,"minecraft:crimson_planks":6,"epicfight:stone_greatsword":120,"minecraft:hay_block":1,"minecraft:egg":1,"minecraft:cooked_beef":9,"minecraft:acacia_planks":276,"minecraft:wheat_seeds":82,"minecraft:cooked_mutton":7,"minecraft:birch_planks":5,"minecraft:oak_planks":2,"farmersdelight:golden_knife":29,"minecraft:wooden_pickaxe":25,"minecraft:crafting_table":4,"quark:acacia_chest":2,"minecraft:crossbow":1,"minecraft:purple_terracotta":2,"waystones:waystone":2,"minecraft:acacia_stairs":16,"minecraft:acacia_door":2,"minecraft:bread":75,"minecraft:iron_pickaxe":3,"minecraft:jungle_stairs":2,"minecraft:stone_axe":92,"minecraft:cobblestone":1,"minecraft:stripped_crimson_hyphae":2,"minecraft:yellow_bed":1},"minecraft:picked_up":{"minecraft:crafting_table":2,"minecraft:wheat":67,"minecraft:ladder":13,"minecraft:enchanted_book":3,"minecraft:crimson_planks":6,"minecraft:string":28,"minecraft:iron_axe":4,"minecraft:spruce_planks":24,"minecraft:beef":3,"minecraft:jungle_sapling":2,"minecraft:azalea":33,"minecraft:spruce_slab":4,"minecraft:coal_block":1,"minecraft:birch_sapling":2,"farmersdelight:golden_knife":1,"bloodandmadness:pure_quicksilver":3,"minecraft:iron_boots":2,"minecraft:egg":2,"minecraft:stick":35,"minecraft:raw_iron":2,"minecraft:stripped_crimson_hyphae":2,"apotheosis:gem":4,"minecraft:torch":18,"minecraft:acacia_log":303,"minecraft:spruce_stairs":5,"minecraft:carrot":6,"minecraft:golden_chestplate":1,"minecraft:purple_terracotta":3,"bloodandmadness:beastblood_clump":1,"minecraft:dark_oak_planks":2,"hexerei:sage_seed":3,"minecraft:arrow":16,"minecraft:rotten_flesh":12,"minecraft:beetroot_seeds":1,"minecraft:jungle_stairs":2,"minecraft:hay_block":15,"minecraft:saddle":1,"bloodandmadness:siderite_nugget":1,"minecraft:glow_berries":1,"minecraft:mutton":7,"minecraft:white_wool":10,"minecraft:skeleton_skull":1,"alexsmobs:flying_fish":1,"minecraft:cobblestone":10,"minecraft:birch_log":4,"orcz:orcteeth":1,"minecraft:tripwire_hook":1,"minecraft:leather":1,"alexsmobs:acacia_blossom":1,"minecraft:potato":3,"minecraft:yellow_bed":1,"minecraft:dirt":18,"minecraft:bone":5,"minecraft:acacia_planks":14,"untamedwilds:material_fat":2,"minecraft:wheat_seeds":251,"minecraft:oak_planks":3,"minecraft:acacia_sapling":1,"hexerei:animal_fat":1,"minecraft:birch_fence_gate":2,"minecraft:jungle_planks":5,"minecraft:acacia_stairs":4,"magistuarmory:rustedchainmail_helmet":1,"waystones:waystone":2,"magistuarmory:corruptedroundshield":1,"minecraft:crossbow":1,"minecraft:emerald":5,"minecraft:rooted_dirt":2,"minecraft:acacia_slab":28,"minecraft:coal":5},"minecraft:killed_by":{"minecraft:husk":1,"minecraft:vindicator":6,"minecraft:skeleton":2,"minecraft:guardian":1,"minecraft:zombie":3,"simple_mobs:sentinel_knight":2,"majruszsdifficulty:cursed_armor":2},"minecraft:mined":{"minecraft:dark_oak_planks":2,"minecraft:spruce_planks":24,"minecraft:ladder":13,"minecraft:purple_terracotta":3,"minecraft:stripped_crimson_hyphae":2,"minecraft:acacia_log":79,"minecraft:grass_block":22,"minecraft:jungle_planks":5,"minecraft:coal_block":1,"minecraft:acacia_slab":17,"minecraft:moss_block":1,"minecraft:rooted_dirt":1,"immersive_weathering:azalea_leaf_pile":2,"minecraft:hay_block":15,"minecraft:carrots":6,"minecraft:iron_ore":2,"immersive_weathering:flowering_azalea_leaf_pile":2,"minecraft:acacia_stairs":4,"treechop:chopped_log":8,"minecraft:potatoes":3,"minecraft:vine":7,"minecraft:azalea_leaves":1,"minecraft:stone":10,"minecraft:spruce_slab":4,"minecraft:crafting_table":2,"minecraft:torch":9,"minecraft:jungle_stairs":2,"minecraft:melon":4,"minecraft:tall_grass":2,"minecraft:oak_planks":3,"minecraft:wall_torch":9,"minecraft:spruce_stairs":8,"minecraft:wheat":72,"minecraft:yellow_bed":1,"minecraft:grass":29,"minecraft:coal_ore":6,"minecraft:beetroots":1,"minecraft:dirt":16,"minecraft:crimson_planks":6,"minecraft:cobweb":28,"minecraft:tripwire_hook":1,"minecraft:acacia_planks":15,"minecraft:oak_leaves":1,"minecraft:fern":10},"minecraft:custom":{"lootr:looted_stat":18,"minecraft:mob_kills":43,"minecraft:interact_with_crafting_table":31,"minecraft:open_barrel":10,"minecraft:damage_dealt_resisted":94,"minecraft:leave_game":2,"minecraft:time_since_death":7575,"minecraft:climb_one_cm":32196,"minecraft:sprint_one_cm":721018,"champions:champion_mobs_killed":34,"minecraft:walk_one_cm":1308413,"minecraft:drop":44,"minecraft:damage_dealt_absorbed":76,"minecraft:play_time":216812,"minecraft:deaths":18,"minecraft:sneak_time":9343,"minecraft:walk_under_water_one_cm":44353,"minecraft:boat_one_cm":67347,"minecraft:jump":2643,"minecraft:walk_on_water_one_cm":62004,"minecraft:total_world_time":216812,"minecraft:interact_with_furnace":8,"minecraft:sleep_in_bed":4,"minecraft:time_since_rest":7619,"minecraft:waystone_activated":3,"minecraft:damage_taken":9251,"minecraft:damage_absorbed":40,"minecraft:damage_dealt":8764,"minecraft:swim_one_cm":114465,"minecraft:fly_one_cm":710504,"minecraft:open_chest":51,"minecraft:crouch_one_cm":51834,"minecraft:fall_one_cm":52825},"minecraft:killed":{"minecraft:vindicator":13,"minecraft:skeleton":2,"untamedwilds:boar":1,"orcz:goblinwerid":1,"majruszsdifficulty:cursed_armor":1,"minecraft:ravager":1,"minecraft:sheep":5,"minecraft:pillager":11,"minecraft:zombie":4,"monsterplus:overgrown_skeleton":1,"minecraft:cow":1}},"DataVersion":2975}