{"stats":{"minecraft:killed":{"minecraft:vindicator":5,"minecraft:spider":1,"simple_mobs:giant":1,"minecraft:skeleton":8,"hunterillager:hunterillager":1,"minecraft:chicken":3,"minecraft:illusioner":1,"minecraft:husk":1,"minecraft:pig":3,"untamedwilds:big_cat":1,"minecraft:sheep":13,"minecraft:pillager":10,"tinyskeletons:baby_skeleton":1,"minecraft:zombie":1,"monsterplus:overgrown_skeleton":1,"minecraft:cow":2},"minecraft:picked_up":{"minecraft:crafting_table":10,"minecraft:wheat":10,"minecraft:chicken":1,"minecraft:enchanted_book":1,"alexsmobs:banana":1,"minecraft:beef":5,"minecraft:jungle_sapling":2,"minecraft:azalea":9,"untamedwilds:hide_bigcat_jaguar":3,"minecraft:light_gray_wool":1,"minecraft:melon_slice":38,"minecraft:birch_sapling":3,"minecraft:iron_boots":1,"minecraft:egg":2,"minecraft:stick":16,"minecraft:stripped_crimson_hyphae":6,"apotheosis:gem":1,"minecraft:acacia_log":73,"minecraft:spruce_stairs":2,"minecraft:porkchop":9,"farmersdelight:tomato_seeds":1,"solapplepie:food_book":1,"minecraft:brown_carpet":1,"hexerei:sage_seed":5,"minecraft:arrow":29,"minecraft:rotten_flesh":2,"minecraft:hay_block":12,"minecraft:glow_berries":1,"bloodandmadness:siderite_nugget":1,"minecraft:mutton":18,"minecraft:white_wool":10,"minecraft:birch_log":7,"minecraft:lilac":2,"minecraft:leather_chestplate":1,"minecraft:feather":2,"minecraft:tripwire_hook":2,"minecraft:jungle_log":18,"minecraft:leather":2,"minecraft:acacia_wood":26,"supplementaries:flax_seeds":3,"minecraft:acacia_boat":1,"minecraft:dirt":72,"simple_mobs:lootbag":1,"minecraft:bone":23,"minecraft:acacia_planks":10,"minecraft:bow":1,"minecraft:wheat_seeds":34,"minecraft:acacia_sapling":1,"minecraft:oak_planks":16,"minecraft:flowering_azalea":4,"hexerei:animal_fat":1,"minecraft:oak_slab":3,"magistuarmory:rustedchainmail_chestplate":1,"minecraft:sweet_berries":3,"minecraft:birch_fence_gate":1,"minecraft:sand":5,"minecraft:jungle_planks":29,"minecraft:jungle_slab":1,"minecraft:dark_oak_log":12,"supplementaries:bamboo_spikes":2,"minecraft:stone_axe":1,"minecraft:chainmail_leggings":2,"simple_mobs:giant_eye_fragment":1,"minecraft:emerald":17,"minecraft:bread":10,"minecraft:oak_sapling":6,"minecraft:acacia_slab":2,"minecraft:coal":2},"minecraft:crafted":{"minecraft:wooden_sword":2,"minecraft:jungle_button":1,"simple_mobs:bundled_emerald":1,"minecraft:birch_boat":4,"quark:acacia_chest":5,"minecraft:birch_fence_gate":1,"minecraft:dark_oak_planks":4,"minecraft:wooden_shovel":3,"minecraft:crafting_table":3,"minecraft:acacia_slab":48,"minecraft:wooden_pickaxe":1,"minecraft:birch_planks":28,"minecraft:bread":2,"minecraft:acacia_boat":3,"minecraft:air":277,"minecraft:jungle_planks":8,"minecraft:stick":8,"minecraft:acacia_planks":104},"minecraft:broken":{"minecraft:wooden_shovel":3,"minecraft:leather_chestplate":1,"magistuarmory:rustedchainmail_chestplate":1},"minecraft:custom":{"lootr:looted_stat":30,"minecraft:mob_kills":51,"minecraft:interact_with_crafting_table":35,"minecraft:open_barrel":11,"minecraft:leave_game":3,"minecraft:time_since_death":951,"minecraft:climb_one_cm":20355,"champions:champion_mobs_killed":31,"minecraft:sprint_one_cm":872665,"minecraft:walk_one_cm":1105709,"minecraft:drop":66,"minecraft:damage_dealt_absorbed":1433,"minecraft:talked_to_villager":1,"minecraft:play_time":246351,"minecraft:sneak_time":2827,"minecraft:deaths":37,"minecraft:walk_under_water_one_cm":62639,"minecraft:boat_one_cm":4684,"minecraft:jump":4513,"minecraft:walk_on_water_one_cm":74143,"minecraft:total_world_time":246351,"minecraft:interact_with_furnace":3,"minecraft:sleep_in_bed":1,"minecraft:waystone_activated":1,"minecraft:time_since_rest":983,"minecraft:damage_taken":10578,"minecraft:damage_absorbed":122,"minecraft:damage_dealt":9473,"minecraft:swim_one_cm":137254,"minecraft:fly_one_cm":1090667,"minecraft:open_chest":77,"minecraft:crouch_one_cm":17106,"minecraft:fall_one_cm":75029},"minecraft:used":{"minecraft:writable_book":2,"minecraft:acacia_log":7,"minecraft:wooden_shovel":219,"minecraft:rotten_flesh":2,"minecraft:dirt":25,"minecraft:spyglass":7,"minecraft:mutton":5,"minecraft:jungle_planks":21,"minecraft:spruce_stairs":1,"minecraft:acacia_slab":62,"minecraft:tripwire_hook":2,"minecraft:bow":10,"minecraft:beef":3,"alexsmobs:banana":1,"minecraft:cooked_beef":23,"minecraft:potato":5,"minecraft:acacia_planks":9,"minecraft:wheat_seeds":11,"minecraft:acacia_boat":4,"minecraft:oak_planks":7,"minecraft:wooden_pickaxe":3,"minecraft:birch_boat":4,"minecraft:white_wool":6,"minecraft:glow_berries":1,"minecraft:crafting_table":12,"quark:acacia_chest":5,"minecraft:apple":1,"minecraft:birch_fence_gate":1,"minecraft:bread":36,"minecraft:stone_axe":136,"minecraft:porkchop":6,"epicfight:uchigatana":263,"minecraft:experience_bottle":2},"minecraft:killed_by":{"minecraft:zombie_villager":1,"minecraft:player":1,"minecraft:pillager":2,"minecraft:enderman":1,"simple_mobs:vampire":1,"minecraft:vindicator":9,"monsterplus:overgrown_skeleton":2,"minecraft:skeleton":7,"minecraft:guardian":1,"minecraft:zombie":3,"simple_mobs:sentinel_knight":3,"untamedwilds:big_cat":1,"hunterillager:hunterillager":2,"dannys_expansion:floam":1},"minecraft:dropped":{"minecraft:wheat_seeds":1,"minecraft:feather":1,"minecraft:jungle_planks":50,"minecraft:spruce_stairs":1,"minecraft:chainmail_helmet":1,"minecraft:coal":8,"minecraft:stick":2,"minecraft:emerald":16,"minecraft:dirt":5,"minecraft:jungle_slab":37,"minecraft:dark_oak_log":17,"minecraft:melon_slice":6,"minecraft:flowering_azalea":2,"minecraft:chainmail_leggings":1,"minecraft:paper":2,"minecraft:acacia_planks":4,"minecraft:stone_axe":1,"minecraft:birch_sapling":3,"minecraft:iron_boots":3,"minecraft:birch_fence_gate":1,"minecraft:filled_map":1,"minecraft:leather_chestplate":1,"supplementaries:flax_seeds":6,"minecraft:potato":5,"savage_and_ravage:mischief_arrow":1,"minecraft:gunpowder":6,"cataclysm:void_scatter_arrow":1,"apotheosis:gem":1,"minecraft:brown_carpet":1,"minecraft:stripped_crimson_hyphae":4,"minecraft:bow":2,"minecraft:arrow":76},"minecraft:mined":{"minecraft:jungle_slab":1,"immersive_weathering:birch_leaf_pile":1,"minecraft:birch_fence_gate":1,"minecraft:stripped_crimson_hyphae":2,"minecraft:acacia_log":4,"minecraft:grass_block":62,"minecraft:jungle_planks":1,"minecraft:jungle_log":2,"minecraft:acacia_slab":2,"immersive_weathering:azalea_leaf_pile":10,"minecraft:hay_block":12,"supplementaries:bamboo_spikes":2,"immersive_weathering:flowering_azalea_leaf_pile":9,"treechop:chopped_log":7,"minecraft:vine":1,"minecraft:dirt_path":2,"minecraft:oak_slab":1,"minecraft:scaffolding":4,"minecraft:crafting_table":10,"minecraft:melon":4,"immersive_weathering:rooted_grass_block":1,"minecraft:tall_grass":5,"farmersdelight:wild_tomatoes":1,"minecraft:oak_planks":2,"minecraft:spruce_stairs":1,"minecraft:birch_log":2,"minecraft:sweet_berry_bush":1,"minecraft:wheat":11,"minecraft:grass":47,"minecraft:coal_ore":2,"minecraft:sand":5,"minecraft:dirt":4,"minecraft:acacia_planks":5,"minecraft:oak_leaves":29,"minecraft:fern":19}},"DataVersion":2975}