{"stats":{"minecraft:broken":{"minecraft:wooden_shovel":3,"minecraft:leather_chestplate":1,"magistuarmory:rustedchainmail_chestplate":1,"minecraft:iron_pickaxe":1},"minecraft:crafted":{"minecraft:wooden_sword":2,"minecraft:jungle_button":1,"simple_mobs:bundled_emerald":1,"minecraft:birch_boat":4,"quark:acacia_chest":5,"minecraft:birch_fence_gate":1,"minecraft:dark_oak_planks":4,"minecraft:wooden_shovel":3,"minecraft:crafting_table":3,"minecraft:acacia_slab":54,"minecraft:wooden_pickaxe":1,"minecraft:birch_planks":28,"minecraft:bread":2,"minecraft:acacia_boat":4,"minecraft:air":309,"minecraft:jungle_planks":8,"minecraft:iron_chestplate":1,"minecraft:stick":20,"minecraft:acacia_planks":120},"minecraft:killed":{"minecraft:spider":1,"minecraft:vindicator":5,"simple_mobs:giant":1,"minecraft:skeleton":8,"hunterillager:hunterillager":1,"minecraft:chicken":3,"minecraft:illusioner":1,"minecraft:drowned":1,"minecraft:husk":1,"minecraft:pig":3,"restored_earth:lobber_zombie":1,"dannys_expansion:floam":1,"untamedwilds:big_cat":1,"minecraft:sheep":14,"minecraft:pillager":10,"tinyskeletons:baby_skeleton":1,"minecraft:zombie":1,"monsterplus:overgrown_skeleton":1,"minecraft:cow":2},"minecraft:killed_by":{"minecraft:zombie_villager":1,"minecraft:player":1,"minecraft:pillager":2,"minecraft:enderman":1,"minecraft:vindicator":10,"simple_mobs:vampire":1,"monsterplus:overgrown_skeleton":2,"restored_earth:lobber_zombie":1,"minecraft:skeleton":7,"minecraft:guardian":1,"minecraft:zombie":3,"simple_mobs:sentinel_knight":3,"untamedwilds:big_cat":1,"hunterillager:hunterillager":2,"dannys_expansion:floam":1},"minecraft:used":{"minecraft:writable_book":2,"minecraft:acacia_log":26,"minecraft:ladder":8,"minecraft:wooden_shovel":219,"minecraft:rotten_flesh":2,"minecraft:torch":6,"minecraft:dirt":25,"minecraft:mutton":9,"minecraft:spyglass":7,"minecraft:jungle_planks":21,"minecraft:spruce_stairs":1,"minecraft:acacia_slab":71,"minecraft:tripwire_hook":2,"minecraft:bow":10,"minecraft:beef":3,"alexsmobs:banana":1,"minecraft:cooked_beef":23,"minecraft:potato":14,"minecraft:acacia_planks":11,"minecraft:wheat_seeds":11,"minecraft:acacia_boat":5,"minecraft:baked_potato":2,"minecraft:oak_planks":7,"minecraft:wooden_pickaxe":3,"minecraft:birch_boat":4,"minecraft:cookie":1,"minecraft:white_wool":6,"minecraft:glow_berries":1,"minecraft:crafting_table":14,"quark:acacia_chest":5,"minecraft:apple":8,"minecraft:birch_fence_gate":1,"minecraft:bread":55,"minecraft:map":1,"minecraft:iron_pickaxe":316,"minecraft:stone_axe":214,"minecraft:cobblestone":10,"minecraft:porkchop":6,"epicfight:uchigatana":273,"minecraft:experience_bottle":2},"minecraft:custom":{"lootr:looted_stat":36,"minecraft:mob_kills":54,"minecraft:interact_with_crafting_table":39,"minecraft:open_barrel":39,"minecraft:leave_game":4,"minecraft:time_since_death":67091,"minecraft:climb_one_cm":52735,"champions:champion_mobs_killed":33,"minecraft:sprint_one_cm":1179256,"minecraft:walk_one_cm":1486877,"minecraft:drop":86,"minecraft:damage_dealt_absorbed":1475,"minecraft:talked_to_villager":2,"minecraft:play_time":375573,"minecraft:sneak_time":4192,"minecraft:deaths":39,"minecraft:walk_under_water_one_cm":69396,"minecraft:boat_one_cm":5484,"minecraft:jump":6122,"minecraft:walk_on_water_one_cm":85802,"minecraft:total_world_time":375573,"minecraft:interact_with_furnace":5,"minecraft:sleep_in_bed":2,"minecraft:waystone_activated":1,"minecraft:time_since_rest":67143,"minecraft:damage_taken":11897,"minecraft:damage_absorbed":122,"minecraft:damage_dealt":10119,"minecraft:swim_one_cm":139441,"minecraft:fly_one_cm":1531373,"minecraft:open_chest":94,"minecraft:crouch_one_cm":23356,"minecraft:fall_one_cm":103747},"minecraft:picked_up":{"minecraft:crafting_table":12,"minecraft:wheat":10,"minecraft:chicken":1,"minecraft:ladder":8,"minecraft:enchanted_book":1,"supplementaries:globe":1,"alexsmobs:banana":1,"minecraft:beef":5,"minecraft:jungle_sapling":2,"minecraft:azalea":12,"untamedwilds:hide_bigcat_jaguar":3,"minecraft:iron_pickaxe":1,"minecraft:light_gray_wool":1,"minecraft:melon_slice":38,"minecraft:birch_sapling":3,"minecraft:iron_boots":1,"minecraft:egg":2,"minecraft:stick":18,"minecraft:stripped_crimson_hyphae":6,"apotheosis:gem":2,"minecraft:torch":1,"minecraft:acacia_log":76,"minecraft:spruce_stairs":2,"minecraft:porkchop":9,"farmersdelight:tomato_seeds":1,"minecraft:cookie":1,"solapplepie:food_book":1,"minecraft:brown_carpet":1,"hexerei:sage_seed":5,"minecraft:arrow":29,"minecraft:rotten_flesh":2,"minecraft:hay_block":12,"bloodandmadness:siderite_nugget":1,"minecraft:glow_berries":1,"minecraft:mutton":19,"minecraft:white_wool":11,"minecraft:cobblestone":300,"minecraft:birch_log":7,"minecraft:leather_chestplate":1,"minecraft:feather":2,"minecraft:lilac":2,"minecraft:tripwire_hook":2,"minecraft:jungle_log":18,"minecraft:leather":2,"minecraft:acacia_wood":26,"minecraft:oak_log":1,"supplementaries:flax_seeds":3,"minecraft:acacia_boat":1,"minecraft:dirt":77,"simple_mobs:lootbag":1,"minecraft:bone":23,"minecraft:acacia_planks":13,"minecraft:bow":1,"minecraft:wheat_seeds":34,"minecraft:acacia_sapling":1,"minecraft:oak_planks":16,"minecraft:flowering_azalea":5,"hexerei:animal_fat":1,"minecraft:oak_slab":3,"magistuarmory:rustedchainmail_chestplate":1,"minecraft:sweet_berries":3,"minecraft:birch_fence_gate":1,"minecraft:sand":5,"minecraft:jungle_planks":29,"epicfight:uchigatana":8,"minecraft:jungle_slab":1,"minecraft:dark_oak_log":12,"minecraft:stripped_acacia_log":1,"supplementaries:bamboo_spikes":2,"minecraft:stone_axe":1,"minecraft:chainmail_leggings":2,"simple_mobs:giant_eye_fragment":1,"minecraft:emerald":17,"minecraft:bread":10,"minecraft:oak_sapling":6,"minecraft:acacia_slab":37,"minecraft:coal":2},"minecraft:mined":{"minecraft:jungle_slab":1,"immersive_weathering:birch_leaf_pile":1,"minecraft:birch_fence_gate":1,"minecraft:stripped_crimson_hyphae":2,"minecraft:acacia_log":8,"minecraft:grass_block":62,"minecraft:jungle_planks":1,"minecraft:jungle_log":2,"minecraft:acacia_slab":56,"immersive_weathering:azalea_leaf_pile":10,"minecraft:hay_block":12,"supplementaries:bamboo_spikes":2,"immersive_weathering:flowering_azalea_leaf_pile":9,"treechop:chopped_log":8,"supplementaries:globe":1,"minecraft:dirt_path":2,"minecraft:vine":1,"minecraft:stone":313,"minecraft:oak_slab":1,"minecraft:scaffolding":4,"minecraft:crafting_table":12,"minecraft:melon":4,"immersive_weathering:rooted_grass_block":1,"quark:brown_shingles_slab":1,"minecraft:tall_grass":5,"farmersdelight:wild_tomatoes":1,"minecraft:oak_planks":2,"minecraft:wall_torch":1,"minecraft:spruce_stairs":1,"minecraft:birch_log":2,"minecraft:sweet_berry_bush":1,"minecraft:wheat":11,"minecraft:grass":47,"minecraft:coal_ore":2,"minecraft:oak_log":2,"minecraft:sand":5,"minecraft:dirt":10,"minecraft:acacia_planks":7,"minecraft:oak_leaves":29,"minecraft:fern":19},"minecraft:dropped":{"minecraft:iron_ingot":5,"minecraft:wheat_seeds":1,"libraryferret:netherite_coins_jtl":1,"minecraft:feather":1,"minecraft:jungle_planks":50,"minecraft:spruce_stairs":1,"minecraft:chainmail_helmet":1,"minecraft:coal":8,"minecraft:stick":2,"minecraft:emerald":35,"minecraft:dirt":5,"minecraft:jungle_slab":37,"minecraft:dark_oak_log":17,"minecraft:melon_slice":6,"minecraft:flowering_azalea":3,"minecraft:iron_pickaxe":1,"minecraft:chainmail_leggings":1,"minecraft:paper":3,"minecraft:string":34,"minecraft:acacia_planks":7,"minecraft:stone_axe":1,"epicfight:uchigatana":8,"minecraft:birch_sapling":3,"minecraft:iron_boots":3,"sophisticatedbackpacks:backpack":1,"minecraft:birch_fence_gate":1,"minecraft:filled_map":1,"minecraft:leather_chestplate":1,"supplementaries:flax_seeds":6,"minecraft:potato":5,"savage_and_ravage:mischief_arrow":1,"minecraft:gunpowder":6,"cataclysm:void_scatter_arrow":1,"apotheosis:gem":1,"minecraft:azalea":3,"minecraft:brown_carpet":1,"minecraft:stripped_acacia_log":1,"minecraft:stripped_crimson_hyphae":4,"minecraft:bow":2,"minecraft:arrow":77}},"DataVersion":2975}