{"stats":{"minecraft:crafted":{"minecraft:wooden_sword":2,"minecraft:jungle_button":1,"minecraft:birch_boat":4,"quark:acacia_chest":5,"minecraft:birch_fence_gate":1,"minecraft:dark_oak_planks":4,"minecraft:wooden_shovel":3,"minecraft:crafting_table":3,"minecraft:acacia_slab":48,"minecraft:wooden_pickaxe":1,"minecraft:birch_planks":28,"minecraft:bread":2,"minecraft:acacia_boat":2,"minecraft:air":277,"minecraft:jungle_planks":8,"minecraft:stick":8,"minecraft:acacia_planks":100},"minecraft:broken":{"minecraft:wooden_shovel":3,"minecraft:leather_chestplate":1,"magistuarmory:rustedchainmail_chestplate":1},"minecraft:dropped":{"minecraft:wheat_seeds":1,"minecraft:feather":1,"minecraft:jungle_planks":50,"minecraft:spruce_stairs":1,"minecraft:chainmail_helmet":1,"minecraft:coal":8,"minecraft:stick":2,"minecraft:emerald":16,"minecraft:dirt":5,"minecraft:jungle_slab":37,"minecraft:dark_oak_log":17,"minecraft:melon_slice":6,"minecraft:flowering_azalea":2,"minecraft:chainmail_leggings":1,"minecraft:paper":2,"minecraft:acacia_planks":4,"minecraft:stone_axe":1,"minecraft:birch_sapling":3,"minecraft:iron_boots":3,"minecraft:birch_fence_gate":1,"minecraft:leather_chestplate":1,"supplementaries:flax_seeds":6,"minecraft:potato":5,"savage_and_ravage:mischief_arrow":1,"minecraft:gunpowder":6,"cataclysm:void_scatter_arrow":1,"apotheosis:gem":1,"minecraft:bow":2,"minecraft:arrow":76},"minecraft:used":{"minecraft:writable_book":2,"minecraft:acacia_log":7,"minecraft:wooden_shovel":219,"minecraft:rotten_flesh":2,"minecraft:dirt":25,"minecraft:spyglass":7,"minecraft:mutton":5,"minecraft:jungle_planks":21,"minecraft:spruce_stairs":1,"minecraft:acacia_slab":58,"minecraft:tripwire_hook":2,"minecraft:bow":5,"minecraft:beef":3,"alexsmobs:banana":1,"minecraft:cooked_beef":23,"minecraft:potato":5,"minecraft:acacia_planks":9,"minecraft:wheat_seeds":8,"minecraft:acacia_boat":3,"minecraft:oak_planks":7,"minecraft:birch_boat":4,"minecraft:wooden_pickaxe":3,"minecraft:white_wool":6,"minecraft:crafting_table":10,"quark:acacia_chest":5,"minecraft:apple":1,"minecraft:birch_fence_gate":1,"minecraft:bread":18,"minecraft:stone_axe":134,"minecraft:porkchop":6,"epicfight:uchigatana":224,"minecraft:experience_bottle":2},"minecraft:picked_up":{"minecraft:crafting_table":9,"minecraft:wheat":8,"minecraft:chicken":1,"minecraft:enchanted_book":1,"alexsmobs:banana":1,"minecraft:beef":5,"minecraft:jungle_sapling":2,"minecraft:azalea":9,"untamedwilds:hide_bigcat_jaguar":3,"minecraft:melon_slice":38,"minecraft:birch_sapling":3,"minecraft:iron_boots":1,"minecraft:egg":2,"minecraft:stripped_crimson_hyphae":4,"minecraft:stick":16,"apotheosis:gem":1,"minecraft:acacia_log":73,"minecraft:spruce_stairs":2,"minecraft:porkchop":9,"farmersdelight:tomato_seeds":1,"solapplepie:food_book":1,"minecraft:brown_carpet":1,"hexerei:sage_seed":5,"minecraft:arrow":29,"minecraft:rotten_flesh":2,"minecraft:hay_block":12,"bloodandmadness:siderite_nugget":1,"minecraft:mutton":15,"minecraft:white_wool":9,"minecraft:birch_log":7,"minecraft:leather_chestplate":1,"minecraft:feather":2,"minecraft:tripwire_hook":2,"minecraft:jungle_log":18,"minecraft:leather":2,"minecraft:acacia_wood":26,"supplementaries:flax_seeds":3,"minecraft:acacia_boat":1,"minecraft:dirt":72,"simple_mobs:lootbag":1,"minecraft:bone":21,"minecraft:acacia_planks":10,"minecraft:bow":1,"minecraft:wheat_seeds":24,"minecraft:oak_planks":16,"minecraft:flowering_azalea":4,"hexerei:animal_fat":1,"minecraft:oak_slab":3,"magistuarmory:rustedchainmail_chestplate":1,"minecraft:sweet_berries":3,"minecraft:birch_fence_gate":1,"minecraft:sand":5,"minecraft:jungle_planks":29,"minecraft:jungle_slab":1,"minecraft:dark_oak_log":12,"supplementaries:bamboo_spikes":2,"minecraft:stone_axe":1,"minecraft:chainmail_leggings":2,"simple_mobs:giant_eye_fragment":1,"minecraft:emerald":17,"minecraft:bread":10,"minecraft:oak_sapling":6,"minecraft:acacia_slab":1,"minecraft:coal":2},"minecraft:killed_by":{"minecraft:zombie_villager":1,"minecraft:player":1,"minecraft:pillager":2,"simple_mobs:vampire":1,"minecraft:vindicator":3,"minecraft:skeleton":7,"minecraft:guardian":1,"minecraft:zombie":2,"simple_mobs:sentinel_knight":3,"untamedwilds:big_cat":1,"hunterillager:hunterillager":2,"dannys_expansion:floam":1},"minecraft:mined":{"minecraft:jungle_slab":1,"immersive_weathering:birch_leaf_pile":1,"minecraft:birch_fence_gate":1,"minecraft:stripped_crimson_hyphae":2,"minecraft:acacia_log":4,"minecraft:grass_block":62,"minecraft:jungle_planks":1,"minecraft:jungle_log":2,"minecraft:acacia_slab":1,"immersive_weathering:azalea_leaf_pile":10,"minecraft:hay_block":12,"supplementaries:bamboo_spikes":2,"immersive_weathering:flowering_azalea_leaf_pile":9,"treechop:chopped_log":7,"minecraft:dirt_path":2,"minecraft:vine":1,"minecraft:oak_slab":1,"minecraft:scaffolding":4,"minecraft:crafting_table":9,"minecraft:melon":4,"immersive_weathering:rooted_grass_block":1,"minecraft:tall_grass":5,"farmersdelight:wild_tomatoes":1,"minecraft:oak_planks":2,"minecraft:spruce_stairs":1,"minecraft:birch_log":2,"minecraft:sweet_berry_bush":1,"minecraft:wheat":8,"minecraft:grass":45,"minecraft:coal_ore":2,"minecraft:sand":5,"minecraft:dirt":4,"minecraft:acacia_planks":5,"minecraft:oak_leaves":29,"minecraft:fern":19},"minecraft:custom":{"lootr:looted_stat":29,"minecraft:mob_kills":44,"minecraft:interact_with_crafting_table":32,"minecraft:open_barrel":11,"minecraft:leave_game":2,"minecraft:time_since_death":2361,"minecraft:climb_one_cm":13403,"champions:champion_mobs_killed":26,"minecraft:sprint_one_cm":719602,"minecraft:walk_one_cm":956989,"minecraft:drop":61,"minecraft:damage_dealt_absorbed":1382,"minecraft:talked_to_villager":1,"minecraft:play_time":207711,"minecraft:sneak_time":2533,"minecraft:deaths":27,"minecraft:walk_under_water_one_cm":41843,"minecraft:boat_one_cm":4372,"minecraft:jump":3561,"minecraft:walk_on_water_one_cm":42962,"minecraft:total_world_time":207711,"minecraft:sleep_in_bed":1,"minecraft:time_since_rest":2400,"minecraft:waystone_activated":1,"minecraft:damage_taken":8095,"minecraft:damage_absorbed":122,"minecraft:damage_dealt":8192,"minecraft:swim_one_cm":97274,"minecraft:fly_one_cm":840532,"minecraft:open_chest":52,"minecraft:crouch_one_cm":16361,"minecraft:fall_one_cm":53899},"minecraft:killed":{"minecraft:vindicator":1,"minecraft:spider":1,"simple_mobs:giant":1,"minecraft:skeleton":8,"hunterillager:hunterillager":1,"minecraft:chicken":3,"minecraft:illusioner":1,"minecraft:husk":1,"minecraft:pig":3,"untamedwilds:big_cat":1,"minecraft:sheep":11,"minecraft:pillager":10,"tinyskeletons:baby_skeleton":1,"minecraft:zombie":1,"minecraft:cow":2}},"DataVersion":2975}